01092017-064655-5160|blague de bruit|Nous sommes fiers d'être apprenti BTP41.|01092017-064655-5160.wav|01092017-064655-5160.jpg|1|30082017-095454-5300
01092017-064655-9950|l'atelier |Nous sommes fiers d'être apprenti BTP41.|01092017-064655-9950.wav|01092017-064655-9950.jpg|1|30082017-095454-9010
01092017-064657-2600|plieuse|Nous sommes fiers d'être apprenti BTP41.|01092017-064657-2600.wav|01092017-064657-2600.jpg|1|30082017-095454-9010
01092017-064658-3560|la meuleuse|Nous sommes fiers d'être apprenti BTP41.|01092017-064658-3560.wav|01092017-064658-3560.jpg|1|30082017-095454-9010
01092017-064658-8580|tanque  ?|Nous sommes fiers d'être apprenti BTP41.|01092017-064658-8580.wav|01092017-064658-8580.jpg|1|30082017-095454-9010
01092017-064659-1460|servant|Nous sommes fiers d'être apprenti BTP41.|01092017-064659-1460.wav|01092017-064659-1460.jpg|1|30082017-095454-9010
01092017-064659-6130|marteau pilon|Nous sommes fiers d'être apprenti BTP41.|01092017-064659-6130.wav|01092017-064659-6130.jpg|1|30082017-095454-9010
01092017-064700-1690|gravier |Nous sommes fiers d'être apprenti BTP41.|01092017-064700-1690.wav|01092017-064700-1690.jpg|1|30082017-095454-9010
01092017-064700-9130|touret à meuler|nous sommes fiers d'être apprenti BTP41 !|01092017-064700-9130.wav|01092017-064700-9130.jpg|1|30082017-095457-7250
01092017-064701-5400|meuleuse à BTP 41|nous sommes fiers d'être apprenti BTP 41 !|01092017-064701-5400.wav|01092017-064701-5400.jpg|1|30082017-095458-0600
01092017-064702-0730|l'atelier de métal à BTP 41|je t'aime Blois|01092017-064702-0730.wav|01092017-064702-0730.jpg|1|30082017-095458-0600
01092017-064702-2530|le marteau pilon de l'atelier|je t'aime Blois|01092017-064702-2530.wav|01092017-064702-2530.jpg|1|30082017-095458-0600
01092017-064702-3890|atelier de couverture|je t'aime Blois|01092017-064702-3890.wav|01092017-064702-3890.jpg|1|30082017-095458-0600
01092017-064702-8630|cour d'ecole|je t'aime Blois|01092017-064702-8630.wav|01092017-064702-8630.jpg|1|30082017-095458-0600
01092017-064703-3290|gravillons se la cour de BTP 41|je t'aime Blois|01092017-064703-3290.wav|01092017-064703-3290.jpg|1|30082017-095458-8340
01092017-064703-8980|disques se |je t'aime Blois|01092017-064703-8980.wav|01092017-064703-8980.jpg|1|30082017-095608-1000
01092017-064704-4970|jeu de ballon air de jeux |je t'aime Blois|01092017-064704-4970.wav|01092017-064704-4970.jpg|2|30082017-095504-1330|soundPhotoDesc
01092017-064705-3520|clé sur la borne de protection |je t'aime Blois et l'espace Mirabeau|01092017-064705-3520.wav|01092017-064705-3520.jpg|3|30082017-095454-5480|soundPhotoDesc
01092017-064705-8210|agiter le présentoir |la médiathèque |01092017-064705-8210.wav|01092017-064705-8210.jpg|3|30082017-095454-5480|soundPhotoDesc
01092017-064707-5430|le présentoir |la médiathèque |01092017-064707-5430.wav|01092017-064707-5430.jpg|3|30082017-095454-5480|soundPhotoDesc
01092017-064708-2670|l'entrée de la médiathèque |la médiathèque |01092017-064708-2670.wav|01092017-064708-2670.jpg|3|30082017-095454-5480|soundPhotoDesc
01092017-064709-0100|l'ascenseur|la médiathèque |01092017-064709-0100.wav|01092017-064709-0100.jpg|3|30082017-095454-5480|soundPhotoDesc
01092017-064709-8390|tourné les pages du gros livre |la médiathèque|01092017-064709-8390.wav|01092017-064709-8390.jpg|3|30082017-095454-5480|soundPhotoDesc
01092017-064710-3210|rue Michel Begon|je t'aime Blois et le centre Mirabeau|01092017-064710-3210.wav|01092017-064710-3210.jpg|3|30082017-095455-8930|soundPhotoDesc
01092017-064710-8120|sortie m30082017-095502-8300|je t'aime Blois|01092017-064710-8120.wav|01092017-064710-8120.jpg|3|30082017-095455-8930|soundPhotoDesc
01092017-064711-7470|bus|je t'aime Blois|01092017-064711-7470.wav|01092017-064711-7470.jpg|3|30082017-095455-8930|soundPhotoDesc
01092017-064712-3440|arrêt bus|je t'aime Blois|01092017-064712-3440.wav|01092017-064712-3440.jpg|3|30082017-095455-8930|soundPhotoDesc
01092017-064713-0450|pas|je t'aime Blois|01092017-064713-0450.wav|01092017-064713-0450.jpg|3|30082017-095455-8930|soundPhotoDesc
01092017-064713-6340|canette soda sol|je t'aime Blois|01092017-064713-6340.wav|01092017-064713-6340.jpg|3|30082017-095455-8930|soundPhotoDesc
01092017-064714-0890|poubelle de sol|je t'aime Blois|01092017-064714-0890.wav|01092017-064714-0890.jpg|3|30082017-095454-5480|soundPhotoDesc
01092017-064714-5740|on vient à l'Espace Mirabeau|je t'aime Blois|01092017-064714-5740.wav|01092017-064714-5740.jpg|3|30082017-095454-9080|soundPhotoDesc
01092017-064715-2230|Ilyes |je t'aime Blois|01092017-064715-2230.wav|01092017-064715-2230.jpg|3|30082017-095455-1810|soundPhotoDesc
01092017-064715-6930|l'eau|je t'aime Blois|01092017-064715-6930.wav|01092017-064715-6930.jpg|3|30082017-095454-9080|soundPhotoDesc
01092017-064715-8280|Mohamed|je t'aime Blois et le centre Mirabeau|01092017-064715-8280.wav|01092017-064715-8280.jpg|3|30082017-095455-1810|soundPhotoDesc
01092017-064716-4610|30082017-095454-9080 |je t'aime Blois  et l'espace mirabeau|01092017-064716-4610.wav|01092017-064716-4610.jpg|3|20140424_0_Aprille|soundPhotoDesc
01092017-064717-1840|sautez|je t'aime Blois|01092017-064717-1840.wav|01092017-064717-1840.jpg|3|30082017-095455-1810|soundPhotoDesc
01092017-064717-5910|enfants|je t'aime Blois|01092017-064717-5910.wav|01092017-064717-5910.jpg|3|30082017-095455-8930|soundPhotoDesc
01092017-064718-1770|bruit|je t'aime Blois|01092017-064718-1770.wav|01092017-064718-1770.jpg|3|30082017-095454-9080|soundPhotoDesc
01092017-064718-7310|ça va|je t'aime Blois|01092017-064718-7310.wav|01092017-064718-7310.jpg|3|30082017-095455-2280|soundPhotoDesc
01092017-064719-1510|arrêt St Joseph |je t'aime Blois|01092017-064719-1510.wav|01092017-064719-1510.jpg|3|30082017-095455-3400|soundPhotoDesc
01092017-064719-6190|le lavage auto|je t'aime Blois|01092017-064719-6190.wav|01092017-064719-6190.jpg|3|30082017-095455-3400|soundPhotoDesc
01092017-064720-5050|station service|je t'aime Blois|01092017-064720-5050.wav|01092017-064720-5050.jpg|3|30082017-095455-3400|soundPhotoDesc
01092017-064721-0790|le vent|je t'aime Blois|01092017-064721-0790.wav|01092017-064721-0790.jpg|3|30082017-095455-3400|soundPhotoDesc
01092017-064721-5480|un bruit de sifflement|je t'aime Blois|01092017-064721-5480.wav|01092017-064721-5480.jpg|3|30082017-095455-3400|soundPhotoDesc
01092017-064721-7970|poubelle de sol|je t'aime Blois|01092017-064721-7970.wav|01092017-064721-7970.jpg|3|30082017-095455-3400|soundPhotoDesc
01092017-064722-2900|caisse leader price|je t'aime Blois|01092017-064722-2900.wav|01092017-064722-2900.jpg|3|30082017-095455-3400|soundPhotoDesc
01092017-064722-7030|photomaton photomaton|je t'aime Blois|01092017-064722-7030.wav|01092017-064722-7030.jpg|3|30082017-095455-3400|soundPhotoDesc
01092017-064723-1360|camion |je t'aime Blois|01092017-064723-1360.wav|01092017-064723-1360.jpg|3|30082017-095455-3400|soundPhotoDesc
01092017-064723-4090|pas dans les feuilles |je t'aime Blois|01092017-064723-4090.wav|01092017-064723-4090.jpg|3|30082017-095455-8930|soundPhotoDesc
01092017-064723-9560|le vent dans les arbres |je t'aime Blois|01092017-064723-9560.wav|01092017-064723-9560.jpg|3|30082017-095455-8930|soundPhotoDesc
01092017-064724-1530|velo |je t'aime Blois|01092017-064724-1530.wav|01092017-064724-1530.jpg|3|30082017-095455-8930|soundPhotoDesc
01092017-064724-3780|aire de jeux |je t'aime Blois|01092017-064724-3780.wav|01092017-064724-3780.jpg|3|30082017-095455-1880|soundPhotoDesc
01092017-064724-8390|Sabrina|I love English |01092017-064724-8390.wav|01092017-064724-8390.jpg|3|30082017-095455-1880|soundPhotoDesc
01092017-064725-5550|que faires-vous de votre temps Libre ?|je t'aime Blois|01092017-064725-5550.wav|01092017-064725-5550.jpg|3|20140424_0_Aprille|soundPhotoDesc
01092017-064726-3810|Thiepe boeuf |je t'aime Blois et le centre Mirabeau|01092017-064726-3810.wav|01092017-064726-3810.jpg|3|30082017-095455-1880|soundPhotoDesc
01092017-064727-1590|end antes|je t'aime Blois|01092017-064727-1590.wav|01092017-064727-1590.jpg|3|30082017-095454-9080|soundPhotoDesc
01092017-064727-7930|30082017-095454-9080 |je t'aime Blois|01092017-064727-7930.wav|01092017-064727-7930.jpg|3|30082017-095454-9080|soundPhotoDesc
01092017-064728-5120|jump|je t'aime Blois|01092017-064728-5120.wav|01092017-064728-5120.jpg|3|30082017-095455-1810|soundPhotoDesc
01092017-064728-9210|chase de bruit|je t'aime Blois|01092017-064728-9210.wav|01092017-064728-9210.jpg|3|30082017-095455-1810|soundPhotoDesc
01092017-064729-6640|100 percent|je t'aime Blois|01092017-064729-6640.wav|01092017-064729-6640.jpg|3|30082017-095455-1810|soundPhotoDesc
01092017-064730-2810|l'architecture de la médiathèque |je t'aime Blois|01092017-064730-2810.wav|01092017-064730-2810.jpg|3|30082017-095457-3200|soundPhotoDesc
01092017-064731-2950|les roulettes |la médiathèque |01092017-064731-2950.wav|01092017-064731-2950.jpg|3|30082017-095457-3200|soundPhotoDesc
01092017-064732-0200|l'escalier de la médiathèque |je t'aime Blois|01092017-064732-0200.wav|01092017-064732-0200.jpg|3|30082017-095457-3200|soundPhotoDesc
01092017-064732-7590|collection de musique|la médiathèque|01092017-064732-7590.wav|01092017-064732-7590.jpg|3|30082017-095457-3200|soundPhotoDesc
01092017-064733-7200|des bruits bizarres |je t'aime Blois|01092017-064733-7200.wav|01092017-064733-7200.jpg|3|30082017-095457-3200|soundPhotoDesc
01092017-064734-2230|BD section |la médiathèque |01092017-064734-2230.wav|01092017-064734-2230.jpg|3|30082017-095458-0200|soundPhotoDesc
01092017-064734-6310|les pages de livre|la médiathèque |01092017-064734-6310.wav|01092017-064734-6310.jpg|3|30082017-095458-0200|soundPhotoDesc
01092017-064735-0490|bruit de machine qui nettoyer des voitures |je t'aime Blois|01092017-064735-0490.wav|01092017-064735-0490.jpg|3|30082017-095455-3400|soundPhotoDesc
01092017-064735-9500|vivre l'espace Mirabeau oui!|je t'aime Blois|01092017-064735-9500.wav|01092017-064735-9500.jpg|3|30082017-095455-2280|soundPhotoDesc
01092017-064736-4930|Viva l'espace Mirabeau !!!|je t'aime Blois|01092017-064736-4930.wav|01092017-064736-4930.jpg|3|30082017-095455-2280|soundPhotoDesc
01092017-064737-0840|de marcher dans l'escalier |la médiathèque |01092017-064737-0840.wav|01092017-064737-0840.jpg|3|30082017-095455-2280|soundPhotoDesc
01092017-064737-8360|climatisation de la médiathèque |je t'aime Blois|01092017-064737-8360.wav|01092017-064737-8360.jpg|3|30082017-095455-2280|soundPhotoDesc
01092017-064738-4350|les enfants dans la médiathèque |je t'aime Blois|01092017-064738-4350.wav|01092017-064738-4350.jpg|3|30082017-095455-2280|soundPhotoDesc
01092017-064739-0610|dans des jeux |je t'aime Blois|01092017-064739-0610.wav|01092017-064739-0610.jpg|3|30082017-095455-2280|soundPhotoDesc
01092017-064739-7170|photocopieur|je t'aime Blois|01092017-064739-7170.wav|01092017-064739-7170.jpg|3|30082017-095458-3340|soundPhotoDesc
01092017-064740-2910|bonjour|je t'aime Blois et l'espace Mirabeau.....|01092017-064740-2910.wav|01092017-064740-2910.jpg|3|30082017-095458-7670|soundPhotoDesc
01092017-064740-4140|Hello, je suis là.|la médiathèque|01092017-064740-4140.wav|01092017-064740-4140.jpg|3|30082017-095458-7670|soundPhotoDesc
01092017-064741-0060|tourné les pages de BD|la médiathèque |01092017-064741-0060.wav|01092017-064741-0060.jpg|3|30082017-095458-7670|soundPhotoDesc
01092017-064741-4030|un scanner du livres |je t'aime Blois|01092017-064741-4030.wav|01092017-064741-4030.jpg|3|30082017-095458-7670|soundPhotoDesc
01092017-064741-9000|frappé dans un livre|je t'aime Blois|01092017-064741-9000.wav|01092017-064741-9000.jpg|3|30082017-095458-7670|soundPhotoDesc
01092017-064742-3550|chercher dans les CD's|la médiathèque |01092017-064742-3550.wav|01092017-064742-3550.jpg|3|30082017-095458-7670|soundPhotoDesc
01092017-064742-8560|traîné les pied dans le sol |je t'aime Blois|01092017-064742-8560.wav|01092017-064742-8560.jpg|3|30082017-095458-7670|soundPhotoDesc
01092017-064743-3750|bougé dans la chaise |je t'aime Blois|01092017-064743-3750.wav|01092017-064743-3750.jpg|3|30082017-095458-7670|soundPhotoDesc
01092017-064743-7670|couverture du livre|je t'aime Blois|01092017-064743-7670.wav|01092017-064743-7670.jpg|3|30082017-095458-7670|soundPhotoDesc
01092017-064744-1870|remué des livres|je t'aime Blois|01092017-064744-1870.wav|01092017-064744-1870.jpg|3|30082017-095458-7670|soundPhotoDesc
01092017-064744-5970|frappé le métal|je t'aime Blois et la médiathèque|01092017-064744-5970.wav|01092017-064744-5970.jpg|3|30082017-095458-7670|soundPhotoDesc
01092017-064744-9360|moto|je t'aime Blois|01092017-064744-9360.wav|01092017-064744-9360.jpg|3|30082017-095458-7670|soundPhotoDesc
01092017-064745-3000|Bok|je t'aime Blois|01092017-064745-3000.wav|01092017-064745-3000.jpg|3|30082017-095459-2080|soundPhotoDesc
01092017-064745-7850|les fillette |je t'aime Blois|01092017-064745-7850.wav|01092017-064745-7850.jpg|3|30082017-095459-2080|soundPhotoDesc
01092017-064746-3890|les files de la mediathèque|je t'aime Blois|01092017-064746-3890.wav|01092017-064746-3890.jpg|3|30082017-095459-4780|soundPhotoDesc
01092017-064747-2640|l'histoire de Blanche Neige|je t'aime Blois|01092017-064747-2640.wav|01092017-064747-2640.jpg|3|30082017-095459-4780|soundPhotoDesc
01092017-064749-2030|je ne sais pas|je t'aime Blois|01092017-064749-2030.wav|01092017-064749-2030.jpg|3|30082017-095459-9230|soundPhotoDesc
01092017-064749-7950|Didi le chat |je t'aime Blois|01092017-064749-7950.wav|01092017-064749-7950.jpg|3|30082017-095459-9230|soundPhotoDesc
01092017-064750-3300|bienvenue à la médiathèque |je t'aime Blois|01092017-064750-3300.wav|01092017-064750-3300.jpg|3|30082017-095500-2330|soundPhotoDesc
01092017-064750-7280|bon anniversaire |je t'aime Blois|01092017-064750-7280.wav|01092017-064750-7280.jpg|3|20140424_0_Aprille|soundPhotoDesc
01092017-064751-3980|essaye|je t'aime Blois|01092017-064751-3980.wav|01092017-064751-3980.jpg|3|30082017-095500-4610 |soundPhotoDesc
01092017-064751-8050|trop beau|je t'aime Blois|01092017-064751-8050.wav|01092017-064751-8050.jpg|3|30082017-095500-7550|soundPhotoDesc
01092017-064752-3480|chez moi avec ma mere |je t'aime Blois|01092017-064752-3480.wav|01092017-064752-3480.jpg|3|30082017-095501-0470|soundPhotoDesc
01092017-064752-9140|tamara|je t'aime Blois|01092017-064752-9140.wav|01092017-064752-9140.jpg|3|30082017-095500-7550|soundPhotoDesc
01092017-064754-2460|l'histoire du chaperon rouge|je t'aime Blois|01092017-064754-2460.wav|01092017-064754-2460.jpg|3|30082017-095502-1270|soundPhotoDesc
01092017-064754-6360|c'est la voix d'une fille|c'est la voix d'une fille|01092017-064754-6360.wav|01092017-064754-6360.jpg|3|20140424_0_Aprille|soundPhotoDesc
01092017-064755-0360|il lisent une histoire |il lisent une histoire|01092017-064755-0360.wav|01092017-064755-0360.jpg|3|20140424_0_Aprille|soundPhotoDesc
01092017-064756-6550|l'enregistrement ||01092017-064756-6550.wav|01092017-064756-6550.jpg|3|30082017-095502-1270|soundPhotoDesc
01092017-064757-4090|Mélissa qui parle|Mélissa qui parle|01092017-064757-4090.wav|01092017-064757-4090.jpg|3|30082017-095502-1270|soundPhotoDesc
01092017-064757-7910|je m'appelle ....|les prénoms|01092017-064757-7910.wav|01092017-064757-7910.jpg|3|30082017-095502-7880|soundPhotoDesc
01092017-064758-3080|l’interview à la médiathèque |01092017-064758-3080.wav|01092017-064758-3080.jpg|3|30082017-095502-6990|soundPhotoDesc
01092017-064758-9040|le son des escalier|le son des escalier|01092017-064758-9040.wav|01092017-064758-9040.jpg|3|30082017-095500-7550|soundPhotoDesc
01092017-064759-2030|nos prénoms|notre son|01092017-064759-2030.wav|01092017-064759-2030.jpg|3|30082017-095500-7550|soundPhotoDesc
01092017-064759-4010|le bruit de l'ascenseur|la médiathèque |01092017-064759-4010.wav|01092017-064759-4010.jpg|3|30082017-095502-7880|soundPhotoDesc
01092017-064759-7370|les chiffres|je t'aime Blois|01092017-064759-7370.wav|01092017-064759-7370.jpg|3|30082017-095502-7420|soundPhotoDesc
01092017-064800-2990|il était une fois...|je t'aime Blois|01092017-064800-2990.wav|01092017-064800-2990.jpg|3|30082017-095502-7880|soundPhotoDesc
01092017-064801-6250|blanche neige |je t'aime Blois|01092017-064801-6250.wav|01092017-064801-6250.jpg|3|30082017-095502-7880|soundPhotoDesc
01092017-064805-2510|la nature |je t'aime Blois|01092017-064805-2510.wav|01092017-064805-2510.jpg|3|30082017-095502-8300|soundPhotoDesc
01092017-064805-9560|bien au chaud|je t'aime Blois|01092017-064805-9560.wav|01092017-064805-9560.jpg|3|30082017-095501-8350|soundPhotoDesc
01092017-064806-7700|arrêt de bus|je t'aime Blois|01092017-064806-7700.wav|01092017-064806-7700.jpg|3|30082017-095455-3400|soundPhotoDesc
01092017-064807-4110|chien|je t'aime Blois|01092017-064807-4110.wav|01092017-064807-4110.jpg|3|30082017-095455-8930|soundPhotoDesc
01092017-064807-9970|monte dans le bus|je t'aime Blois|01092017-064807-9970.wav|01092017-064807-9970.jpg|3|30082017-095455-3400|soundPhotoDesc
01092017-064808-2840|about Espace Mirabeau - anglais|je t'aime Blois|01092017-064808-2840.wav|01092017-064808-2840.jpg|3|30082017-095455-1880|soundPhotoDesc
01092017-064809-2380|le jeu à Mirabeau|je t'aime Blois|01092017-064809-2380.wav|01092017-064809-2380.jpg|3|30082017-095455-8930|soundPhotoDesc
01092017-064810-4310|écoutez et concentrez-vous|je t'aime Blois|01092017-064810-4310.wav|01092017-064810-4310.jpg|4|10092017-095508-1001|soundPhotoDesc
01092017-064811-1660|xxl drums |je t'aime Blois|01092017-064811-1660.wav|01092017-064811-1660.jpg|4|10092017-095508-1001|soundPhotoDesc
01092017-064811-6400|le tambourine |la Maison de bègon |01092017-064811-6400.wav|01092017-064811-6400.jpg|4|10092017-095508-1001|soundPhotoDesc
01092017-064812-2750|la Maison de bègon||01092017-064812-2750.wav|01092017-064812-2750.jpg|4|10092017-095508-1001|soundPhotoDesc
01092017-064812-8580|Le xylophone |Maison de bègon |01092017-064812-8580.wav|01092017-064812-8580.jpg|4|10092017-095508-1001|soundPhotoDesc
01092017-064813-4300|1...2...3..4||01092017-064813-4300.wav|01092017-064813-4300.jpg|4|10092017-095508-1001|soundPhotoDesc
01092017-064814-0530|instruments|je t'aime Blois|01092017-064814-0530.wav|01092017-064814-0530.jpg|4|10092017-095508-1001|soundPhotoDesc
01092017-064814-9980|papa mamam|je t'aime Blois|01092017-064814-9980.wav|01092017-064814-9980.jpg|4|10092017-095508-1001|soundPhotoDesc
01092017-064815-4050|citoyen avant tout|je t'aime Blois|01092017-064815-4050.wav|01092017-064815-4050.jpg|4|10092017-095508-1002|soundPhotoDesc
01092017-064815-9550|il faut l'inclusion pour tous|je t'aime Blois|01092017-064815-9550.wav|01092017-064815-9550.jpg|4|10092017-095508-1002|soundPhotoDesc
01092017-064816-6270|Paix mon dessin |je t'aime Blois|01092017-064816-6270.wav|01092017-064816-6270.jpg|5|10092017-095508-1003|soundPhotoDesc
01092017-064817-7490|Romaric|je t'aime Blois|01092017-064817-7490.wav|01092017-064817-7490.jpg|5|10092017-095508-1003|soundPhotoDesc
01092017-064819-3040|marchants sur le pont|je t'aime Blois|01092017-064819-3040.wav|01092017-064819-3040.jpg|5|10092017-095508-1003|soundPhotoDesc
01092017-064819-9460|reine de neige|je t'aime Blois|01092017-064819-9460.wav|01092017-064819-9460.jpg|5|10092017-095508-1003|soundPhotoDesc
01092017-064820-4070|chercher des sons|je t'aime Blois|01092017-064820-4070.wav|01092017-064820-4070.jpg|5|10092017-095508-1003|soundPhotoDesc
01092017-064821-0970|poubelle|je t'aime Blois|01092017-064821-0970.wav|01092017-064821-0970.jpg|5|10092017-095508-1003|soundPhotoDesc
01092017-064821-5220|la beep efficace|je t'aime Blois|01092017-064821-5220.wav|01092017-064821-5220.jpg|5|10092017-095508-1003|soundPhotoDesc
01092017-064823-2760|des beeps|je t'aime Blois|01092017-064823-2760.wav|01092017-064823-2760.jpg|5|10092017-095508-1003|soundPhotoDesc
01092017-064823-7440|crying|je t'aime Blois|01092017-064823-7440.wav|01092017-064823-7440.jpg|5|10092017-095508-1003|soundPhotoDesc
01092017-064824-6130|il faut écouter |je t'aime Blois|01092017-064824-6130.wav|01092017-064824-6130.jpg|5|10092017-095508-1003|soundPhotoDesc
01092017-064827-1060|scrubmaster à centre hôpital|je t'aime Blois|01092017-064827-1060.wav|01092017-064827-1060.jpg|5|10092017-095508-1003|soundPhotoDesc
01092017-064827-5140|Simone Veil, une grand femme|je t'aime Blois|01092017-064827-5140.wav|01092017-064827-5140.jpg|5|10092017-095508-1003|soundPhotoDesc
01092017-064828-8520|la digues de vienne|je t'aime Blois|01092017-064828-8520.wav|01092017-064828-8520.jpg|5|10092017-095508-1003|soundPhotoDesc
01092017-064829-5510|paix|je t'aime Blois|01092017-064829-5510.wav|01092017-064829-5510.jpg|5|10092017-095508-1003|soundPhotoDesc
01092017-064830-6710|Blois changé|je t'aime Blois|01092017-064830-6710.wav|01092017-064830-6710.jpg|5|10092017-095508-1003|soundPhotoDesc
01092017-064832-2700|je suis dehors dans mon quartier|je t'aime Blois|01092017-064832-2700.wav|01092017-064832-2700.jpg|5|10092017-095508-1003|soundPhotoDesc
01092017-064832-6800|mon nouveau frère Léo|je t'aime Blois|01092017-064832-6800.wav|01092017-064832-6800.jpg|5|10092017-095508-1003soundPhotoDesc
01092017-064833-0730|les prénom |je t'aime Blois|01092017-064833-0730.wav|01092017-064833-0730.jpg|5|10092017-095508-1003|soundPhotoDesc
01092017-064833-6780|la possibilité de garderie pour les visiteurs de hôpital|je t'aime Blois|01092017-064833-6780.wav|01092017-064833-6780.jpg|5|10092017-095508-1003|soundPhotoDesc
01092017-064834-0460|l'ascenseur de mini car|je t'aime Blois|01092017-064834-0460.wav|01092017-064834-0460.jpg|5|20140424_0_Aprille|soundPhotoDesc
01092017-064834-4970|FNATH permanence  à hôpital |je t'aime Blois|01092017-064834-4970.wav|01092017-064834-4970.jpg|5|30082017-095506-9700|soundPhotoDesc
01092017-064837-8950|FNATH permanence |je t'aime Blois|01092017-064837-8950.wav|01092017-064837-8950.jpg|5|30082017-095506-9700|soundPhotoDesc
01092017-064838-0580|Djianys et son dessin|je t'aime Blois|01092017-064838-0580.wav|01092017-064838-0580.jpg|5|10092017-095508-1003|soundPhotoDesc
01092017-064839-0140|couloir de pédiatre| |01092017-064839-0140.wav|01092017-064839-0140.jpg|5|10092017-095508-1003|soundPhotoDesc
01092017-064839-5120|les sons de pédiatrie|je t'aime Blois|01092017-064839-5120.wav|01092017-064839-5120.jpg|5|10092017-095508-1003|soundPhotoDesc
01092017-064840-0220|une mère en train de fredonner pour calmer bébé|je t'aime Blois|01092017-064840-0220.wav|01092017-064840-0220.jpg|5|10092017-095508-1003|soundPhotoDesc
01092017-064840-9090|aérosol oxygène|je t'aime Blois|01092017-064840-9090.wav|01092017-064840-9090.jpg|5|10092017-095508-1003|soundPhotoDesc
01092017-064841-4230|il faut écouter - communication triangulaire|je t'aime Blois|01092017-064841-4230.wav|01092017-064841-4230.jpg|5|30082017-095507-0170|soundPhotoDesc
01092017-064841-4990|l’hôpital c’est humain|je t'aime Blois|01092017-064841-4990.wav|01092017-064841-4990.jpg|5|10092017-095508-1003|soundPhotoDesc
01092017-064842-4210|Alya et son dessin|je t'aime Blois|01092017-064842-4210.wav|01092017-064842-4210.jpg|5|10092017-095508-1003|soundPhotoDesc
01092017-064842-9330|mon quartier ne change pas|je t'aime Blois|01092017-064842-9330.wav|01092017-064842-9330.jpg|5|10092017-095508-1003|soundPhotoDesc
01092017-064845-0570|Kinza et son dessin plus papa|je t'aime Blois|01092017-064845-0570.wav|01092017-064845-0570.jpg|5|10092017-095508-1003|soundPhotoDesc
01092017-064847-0330|Camille et son dessin|je t'aime Blois|01092017-064847-0330.wav|01092017-064847-0330.jpg|5|10092017-095508-1003|soundPhotoDesc
01092017-064847-7310|l'hélicoptère|je t'aime Blois|01092017-064847-7310.wav|01092017-064847-7310.jpg|5|10092017-095508-1003|soundPhotoDesc
01092017-064848-8210|mardi histoire d'hôpital|je t'aime Blois|01092017-064848-8210.wav|01092017-064848-8210.jpg|5|10092017-095508-1003|soundPhotoDesc
01092017-064849-3850|Joud et son dessin link|je t'aime Blois|01092017-064849-3850.wav|01092017-064849-3850.jpg|5|10092017-095508-1003|soundPhotoDesc
01092017-064849-9550|la porte d'hôpital|je t'aime Blois|01092017-064849-9550.wav|01092017-064849-9550.jpg|5|10092017-095508-1003|soundPhotoDesc
01092017-064850-7460|Amis de longue date à Blois|je t'aime Blois|01092017-064850-7460.wav|01092017-064850-7460.jpg|5|30082017-095508-1000|soundPhotoDesc
01092017-064851-7670|Ancien Théâtre de Blois à Place Louis XII|je t'aime Blois|01092017-064851-7670.wav|01092017-064851-7670.jpg|5|30082017-095508-1000|soundPhotoDesc
01092017-064852-5960|Autos tamponneuses à Promenade du Mail|je t'aime Blois|01092017-064852-5960.wav|01092017-064852-5960.jpg|5|30082017-095508-1000|soundPhotoDesc
01092017-064853-1450|Halle aux poissons|je t'aime Blois|01092017-064853-1450.wav|01092017-064853-1450.jpg|5|30082017-095508-1000|soundPhotoDesc
01092017-064853-8640|les teuf-teuf|je t'aime Blois|01092017-064853-8640.wav|01092017-064853-8640.jpg|5|30082017-095508-1000|soundPhotoDesc
01092017-064854-0190|Paris vs Blois|je t'aime Blois|01092017-064854-0190.wav|01092017-064854-0190.jpg|5|30082017-095508-1000|soundPhotoDesc
01092017-064854-9190|vite comme l'éclair|je t'aime Blois|01092017-064854-9190.wav|01092017-064854-9190.jpg|5|30082017-095508-1000|soundPhotoDesc
01092017-064855-6220|Plus jamais ça|je t'aime Blois|01092017-064855-6220.wav|01092017-064855-6220.jpg|5|30082017-095506-4530|soundPhotoDesc
01092017-064857-3120|Le Marché de St Nicolas|je t'aime Blois|01092017-064857-3120.wav|01092017-064857-3120.jpg|5|30082017-095508-1000|soundPhotoDesc
01092017-064858-7510|mon quartier|je t'aime Blois|01092017-064858-7510.wav|01092017-064858-7510.jpg|7|30082017-095454-8430|soundPhotoDesc
01092017-064859-0900|les petits cailloux du lac|je t'aime Blois|01092017-064859-0900.wav|01092017-064859-0900.jpg|7|30082017-095458-9900|soundPhotoDesc
01092017-064859-3220|les sons de notre quartier|je t'aime Blois|01092017-064859-3220.wav|01092017-064859-3220.jpg|7|30082017-095500-4610|soundPhotoDesc
01092017-064900-0970|les feuilles|je t'aime Blois|01092017-064900-0970.wav|01092017-064900-0970.jpg|7|30082017-095503-4130|soundPhotoDesc
01092017-064900-9420|chez Said au point phone |je t'aime Blois|01092017-064900-9420.wav|01092017-064900-9420.jpg|7|30082017-095503-4130|soundPhotoDesc
01092017-064901-6100|Said point phone |je t'aime Blois|01092017-064901-6100.wav|01092017-064901-6100.jpg|7|30082017-095503-4130|soundPhotoDesc
01092017-064902-2300|feuilles 2|je t'aime Blois|01092017-064902-2300.wav|01092017-064902-2300.jpg|7|30082017-095503-4130|soundPhotoDesc
01092017-064902-9130|gros avion |je t'aime Blois|01092017-064902-9130.wav|01092017-064902-9130.jpg|7|30082017-095503-4130|soundPhotoDesc
01092017-064903-3940|Issa avec le phantom|je t'aime Blois|01092017-064903-3940.wav|01092017-064903-3940.jpg|7|30082017-095503-4130|soundPhotoDesc
01092017-064903-9900|espace quinère - bruit de qua tier|je t'aime Blois|01092017-064903-9900.wav|01092017-064903-9900.jpg|7|10092017-095508-1004|soundPhotoDesc
01092017-064904-4470|dans le champs|je t'aime Blois|01092017-064904-4470.wav|01092017-064904-4470.jpg|7|10092017-095508-1004|soundPhotoDesc
01092017-064905-0840|bruit feuilles et petit bois|je t'aime Blois|01092017-064905-0840.wav|01092017-064905-0840.jpg|7|10092017-095508-1004|soundPhotoDesc
01092017-064905-5210|tapė sur  l'egout|je t'aime Blois|01092017-064905-5210.wav|01092017-064905-5210.jpg|7|10092017-095508-1004|soundPhotoDesc
01092017-064906-0410|chant de oiseaux|je t'aime Blois|01092017-064906-0410.wav|01092017-064906-0410.jpg|7|10092017-095508-1004|soundPhotoDesc
01092017-064906-6490|Kroc chips|je t'aime Blois|01092017-064906-6490.wav|01092017-064906-6490.jpg|7|10092017-095508-1004|soundPhotoDesc
01092017-064907-0810|le bruit des boût de lettre |je t'aime Blois|01092017-064907-0810.wav|01092017-064907-0810.jpg|7|10092017-095508-1004|soundPhotoDesc
01092017-064907-5920|un chat miaule |je t'aime Blois|01092017-064907-5920.wav|01092017-064907-5920.jpg|7|10092017-095508-1004|soundPhotoDesc
01092017-064908-2880|l'horlager à cotê de chez Miro|je t'aime Blois|01092017-064908-2880.wav|01092017-064908-2880.jpg|7|10092017-095508-1004|soundPhotoDesc
01092017-064909-0060|une poubelle qui claque |je t'aime Blois|01092017-064909-0060.wav|01092017-064909-0060.jpg|7|10092017-095508-1004|soundPhotoDesc
01092017-064909-4220|le mouteur de un moto|je t'aime Blois|01092017-064909-4220.wav|01092017-064909-4220.jpg|7|10092017-095508-1004|soundPhotoDesc
01092017-064909-5590|un velo qui pėdale en arriêre|je t'aime Blois|01092017-064909-5590.wav|01092017-064909-5590.jpg|7|10092017-095508-1004|soundPhotoDesc
01092017-064909-7300|garage village d'enterprises|je t'aime Blois|01092017-064909-7300.wav|01092017-064909-7300.jpg|7|10092017-095508-1005|soundPhotoDesc
01092017-064910-3720|arrou oiseaux enfants |je t'aime Blois|01092017-064910-3720.wav|01092017-064910-3720.jpg|7|10092017-095508-1005|soundPhotoDesc
01092017-064911-2090|l'aire de jeux - parc de l'arrou |je t'aime Blois|01092017-064911-2090.wav|01092017-064911-2090.jpg|7|10092017-095508-1005|soundPhotoDesc
01092017-064911-9770|pas dans arrou|je t'aime Blois|01092017-064911-9770.wav|01092017-064911-9770.jpg|7|10092017-095508-1005|soundPhotoDesc
01092017-064912-7140|passage entrė parc de l'arrou |je t'aime Blois|01092017-064912-7140.wav|01092017-064912-7140.jpg|7|10092017-095508-1005|soundPhotoDesc
01092017-064913-4120|chevaux arrou |je t'aime Blois|01092017-064913-4120.wav|01092017-064913-4120.jpg|7|10092017-095508-1005|soundPhotoDesc
01092017-064914-6150|oiseaux quiniere|je t'aime Blois|01092017-064914-6150.wav|01092017-064914-6150.jpg|7|10092017-095508-1005|soundPhotoDesc
01092017-064915-4120|j'aime l'espece quinère |je t'aime Blois|01092017-064915-4120.wav|01092017-064915-4120.jpg|7|20140424_0_Aprille|soundPhotoDesc
01092017-064915-8030|construction |je t'aime Blois|01092017-064915-8030.wav|01092017-064915-8030.jpg|7|30082017-095503-7990|soundPhotoDesc
01092017-064916-2690|la crèche de quinière|je t'aime Blois|01092017-064916-2690.wav|01092017-064916-2690.jpg|7|30082017-095503-7990|soundPhotoDesc
01092017-064917-1040|arrêt de bus|je t'aime Blois|01092017-064917-1040.wav|01092017-064917-1040.jpg|7|30082017-095503-7990|soundPhotoDesc
01092017-064917-7470|sorta des baguettes |je t'aime Blois|01092017-064917-7470.wav|01092017-064917-7470.jpg|7|30082017-095503-7990|soundPhotoDesc
01092017-064918-4780|boulangerie quinière |je t'aime Blois|01092017-064918-4780.wav|01092017-064918-4780.jpg|7|30082017-095503-7990|soundPhotoDesc
01092017-064918-7820|Porte de pharmacy quinière |je t'aime Blois|01092017-064918-7820.wav|01092017-064918-7820.jpg|7|30082017-095503-7990|soundPhotoDesc
01092017-064919-1190|pizzeria|je t aime blois|01092017-064919-1190.wav|01092017-064919-1190.jpg|7|30082017-095503-7990|soundPhotoDesc
01092017-064919-3880|aire de jeux espace quinière |je t aime blois|01092017-064919-3880.wav|01092017-064919-3880.jpg|7|30082017-095503-7990|soundPhotoDesc
01092017-064920-0650|nous ècoutons les oiseaux !|je t'aime Blois|01092017-064920-0650.wav|01092017-064920-0650.jpg|7|30082017-095503-7990|soundPhotoDesc
01092017-064920-6630|où est l'oiseaux ?|je t'aime Blois|01092017-064920-6630.wav|01092017-064920-6630.jpg|7|30082017-095503-7990|soundPhotoDesc
01092017-064921-0880|perceuse rénovation fenetre||01092017-064921-0880.wav|01092017-064921-0880.jpg|7|30082017-095503-7990|soundPhotoDesc
01092017-064921-1990|bruits invisibles |je t'aime Blois|01092017-064921-1990.wav|01092017-064921-1990.jpg|7|30082017-095503-7990|soundPhotoDesc
01092017-064921-9300|crèche|creche|01092017-064921-9300.wav|01092017-064921-9300.jpg|7|30082017-095503-7990|soundPhotoDesc
01092017-064922-2880|circulation à espace quinière |je t'aime Blois|01092017-064922-2880.wav|01092017-064922-2880.jpg|7|30082017-095503-4130|soundPhotoDesc
01092017-064923-3320|Avec  les baguettes |je t'aime Blois|01092017-064923-3320.wav|01092017-064923-3320.jpg|7|30082017-095459-4780|soundPhotoDesc
01092017-064924-4540|Porte de pharmacy espace quinière |je t'aime Blois|01092017-064924-4540.wav|01092017-064924-4540.jpg|7|30082017-095503-7990|soundPhotoDesc
01092017-064925-0920|les bruits habituels|je t'aime Blois|01092017-064925-0920.wav|01092017-064925-0920.jpg|7|30082017-095459-4780|soundPhotoDesc
01092017-064925-7300|ècouter Le Manteau piqueur |je t'aime Blois|01092017-064925-7300.wav|01092017-064925-7300.jpg|7|30082017-095505-4950|soundPhotoDesc
01092017-064925-9860|tourner la manivelle |je t'aime Blois|01092017-064925-9860.wav|01092017-064925-9860.jpg|7|30082017-095503-4130|soundPhotoDesc
01092017-064927-2160|les fleurs qui jouent au football|je t'aime Blois|01092017-064927-2160.wav|01092017-064927-2160.jpg|7|30082017-095505-2210|soundPhotoDesc
01092017-064928-3130|l'espade quinière|je t'aime Blois|01092017-064928-3130.wav|01092017-064928-3130.jpg|7|30082017-095504-3910|soundPhotoDesc
01092017-064929-4270|l'architecte comme chief de d'orchestre |je t'aime Blois|01092017-064929-4270.wav|01092017-064929-4270.jpg|7|30082017-095504-3910|soundPhotoDesc
01092017-064930-2030|labyrinthe de l espace quiniere|je t'aime Blois|01092017-064930-2030.wav|01092017-064930-2030.jpg|7|30082017-095504-6920|soundPhotoDesc
01092017-064930-5920|Space Quinière||01092017-064930-5920.wav|01092017-064930-5920.jpg|7|30082017-095504-9620|soundPhotoDesc
01092017-064931-0010|papillon du espace Quinière |je t'aime Blois|01092017-064931-0010.wav|01092017-064931-0010.jpg|7|30082017-095505-2210|soundPhotoDesc
01092017-064931-8180|le poisson multicouleur|je t'aime Blois|01092017-064931-8180.wav|01092017-064931-8180.jpg|7|30082017-095503-5020|soundPhotoDesc
01092017-064932-3210|conte de poisson|je t'aime Blois|01092017-064932-3210.wav|01092017-064932-3210.jpg|7|30082017-095503-5020|soundPhotoDesc
01092017-064932-9130|couche de soule espace Quinière |je t'aime Blois|01092017-064932-9130.wav|01092017-064932-9130.jpg|7|30082017-095503-7990|soundPhotoDesc
01092017-064933-4070|aime l'espace Quinière |je t'aime Blois|01092017-064933-4070.wav|01092017-064933-4070.jpg|7|20140424_0_Aprille|soundPhotoDesc
01092016-064933-4071|dessin de Mohamed|j’aime l’espace Quinière|01092017-064933-4070.wav|01092017-064933-4070.jpg|7|30082017-095503-5020|soundPhotoDesc
01092017-064934-0030|l'histoire du roi|je t'aime Blois|01092017-064934-0030.wav|01092017-064934-0030.jpg|8|30082017-095502-4220|soundPhotoDesc
01092017-064934-5360|temple protestant|je t'aime Blois|01092017-064934-5360.wav|01092017-064934-5360.jpg|8|10092017-095508-1003|soundPhotoDesc
01092017-064935-1680|la Loire libre et sauvage|je t'aime Blois|01092017-064935-1680.wav|01092017-064935-1680.jpg|8|30082017-095506-4530|soundPhotoDesc
01092017-064936-1520|mon quartier calme à Ave Foch|je t'aime Blois|01092017-064936-1520.wav|01092017-064936-1520.jpg|8|10092017-095508-1003|soundPhotoDesc
01092017-064938-0230|l'océan rose|Le bruit rose est un signal aléatoire dont la densité spectrale est constante par bande d'octave.|01092017-064938-0230.wav|01092017-064938-0230.jpg|8|30082017-095507-1160|soundPhotoDesc
01092017-064941-6200|happening fondation du doute|je t'aime Blois|01092017-064941-6200.wav|01092017-064941-6200.jpg|8|10092017-095508-1006|soundPhotoDesc
01092017-064942-2160|toujours quelque chose à faire|je t'aime Blois|01092017-064942-2160.wav|01092017-064942-2160.jpg|8|10092017-095508-1006|soundPhotoDesc
01092017-064944-4120|dance de pluie|10092017-095508-1006 « Quoi que tu fasses, fais autre chose; quoi que tu penses, pense à autre chose... » Robert Filliou Entrée libre - Participation gratuite|01092017-064944-4120.wav|01092017-064944-4120.jpg|8|30082017-095507-1160|soundPhotoDesc
01092017-064944-9320|dislocations de la guerre à rue Munier|je t'aime Blois|01092017-064944-9320.wav|01092017-064944-9320.jpg|8|30082017-095508-1000|soundPhotoDesc
01092017-064945-0810|notre église - Saint Saturin|je t'aime Blois|01092017-064945-0810.wav|01092017-064945-0810.jpg|8|30082017-095508-1000|soundPhotoDesc
01092017-064945-3010|nous avons appelé cela la niche|je t'aime Blois|01092017-064945-3010.wav|01092017-064945-3010.jpg|8|30082017-095508-1000|soundPhotoDesc
01092017-064945-5950|les concerts au cloître St Saturnin|je t'aime Blois|01092017-064945-5950.wav|01092017-064945-5950.jpg|8|30082017-095508-1000|soundPhotoDesc
01092017-064946-0440|rue du Poinçon Renversé|je t'aime Blois|01092017-064946-0440.wav|01092017-064946-0440.jpg|8|30082017-095508-1000|soundPhotoDesc
01092017-064946-8360|J'avais 13 ans pendant la guerre|je t'aime Blois|01092017-064946-8360.wav|01092017-064946-8360.jpg|8|30082017-095508-1000|soundPhotoDesc
01092017-064948-1360|Avec ma fauteuil roulant électrique|je t'aime Blois|01092017-064948-1360.wav|01092017-064948-1360.jpg|8|30082017-095508-1000|soundPhotoDesc
01092017-064948-7940|soldats américains à escaliers Denis Papin|je t'aime Blois|01092017-064948-7940.wav|01092017-064948-7940.jpg|8|30082017-095508-1000|soundPhotoDesc
01092017-064949-9490|Galléries Moderns|je t'aime Blois|01092017-064949-9490.wav|01092017-064949-9490.jpg|8|30082017-095508-1000|soundPhotoDesc
01092017-064950-5130|Les pigeons de la rue Pardessus|je t'aime Blois|01092017-064950-5130.wav|01092017-064950-5130.jpg|8|30082017-095508-1000|soundPhotoDesc
01092017-064950-8930|la restoration on du hôtel particulier|je t'aime Blois|01092017-064950-8930.wav|01092017-064950-8930.jpg|8|30082017-095508-1000|soundPhotoDesc
01092017-064951-6590|quatre étage - très rare à Blois|je t'aime Blois|01092017-064951-6590.wav|01092017-064951-6590.jpg|8|30082017-095508-1000|soundPhotoDesc
01092017-064952-5520|J'aime le Degrés St Nicolas|je t'aime Blois|01092017-064952-5520.wav|01092017-064952-5520.jpg|8|30082017-095508-1000|soundPhotoDesc
01092017-064952-9910|l'histoire des Escaliers Denis Papin|je t'aime Blois|01092017-064952-9910.wav|01092017-064952-9910.jpg|8|30082017-095508-1000|soundPhotoDesc
01092017-064953-6820|le ancien gazomètre de Blois|je t'aime Blois|01092017-064953-6820.wav|01092017-064953-6820.jpg|8|30082017-095508-1000|soundPhotoDesc
01092017-064954-2340|le chapelier et son chien|rue de Commerce|01092017-064954-2340.wav|01092017-064954-2340.jpg|8|30082017-095508-1000|soundPhotoDesc
01092017-064954-4780|Le crime à rue des Juifs|je t'aime Blois|01092017-064954-4780.wav|01092017-064954-4780.jpg|8|30082017-095508-1000|soundPhotoDesc
01092017-064954-7580|le restaurant patate chaude|je t'aime Blois|01092017-064954-7580.wav|01092017-064954-7580.jpg|8|30082017-095508-1000|soundPhotoDesc
01092017-064955-0890|Les souvenirs du quartier St Nicolas|je t'aime Blois|01092017-064955-0890.wav|01092017-064955-0890.jpg|8|30082017-095508-1000|soundPhotoDesc
01092017-064956-5220|Monoprix à l'Ancien Marché Couvert|je t'aime Blois|01092017-064956-5220.wav|01092017-064956-5220.jpg|8|30082017-095508-1000|soundPhotoDesc
01092017-065022-4110|une paire de chaussette Claudette Louchart|je t'aime Blois|01092017-065022-4110.wav|01092017-065022-4110.jpg|9|30082017-095456-7470|soundPhotoDesc
01092017-065023-2380|Chantal - Blois est la Loire |je t'aime Blois|01092017-065023-2380.wav|01092017-065023-2380.jpg|9|10092017-095508-1008|soundPhotoDesc
01092017-065023-7570|il reste dans le plan humain |je t'aime Blois|01092017-065023-7570.wav|01092017-065023-7570.jpg|9|10092017-095508-1008|soundPhotoDesc
01092017-065024-3790|quartier Vienne|je t'aime Blois|01092017-065024-3790.wav|01092017-065024-3790.jpg|9|30082017-095506-4530|soundPhotoDesc
01092017-065025-0220|rue 29 janvier 1871|je t'aime Blois|01092017-065025-0220.wav|01092017-065025-0220.jpg|9|30082017-095506-4530|soundPhotoDesc
01092017-065027-0690|Le chaland|je t'aime Blois|01092017-065027-0690.wav|01092017-065027-0690.jpg|9|30082017-095506-4530|soundPhotoDesc
01092017-065027-6860|Rue des Ponts Chartrains|je t'aime Blois|01092017-065027-6860.wav|01092017-065027-6860.jpg|9|30082017-095506-4530|soundPhotoDesc
01092017-065028-5710|castor qui va à la boulanger |je t'aime Blois|01092017-065028-5710.wav|01092017-065028-5710.jpg|9|10092017-095508-1009|soundPhotoDesc
01092017-065029-0840|Théâtre Monsabré pendant la guerre|je t'aime Blois|01092017-065029-0840.wav|01092017-065029-0840.jpg|9|30082017-095508-1000|soundPhotoDesc
01092017-065029-8650|sellier bourrelier de vienne|je t'aime Blois|01092017-065029-8650.wav|01092017-065029-8650.jpg|9|30082017-095508-1000|soundPhotoDesc
01092017-065031-2070|nous nous rappelons les trois nez rouges|je t'aime Blois|01092017-065031-2070.wav|01092017-065031-2070.jpg|9|30082017-095508-1000|soundPhotoDesc
01092017-065032-0910|Mon père connaissait monsieur Rol-Tanquy|je t'aime Blois|01092017-065032-0910.wav|01092017-065032-0910.jpg|9|30082017-095508-1000|soundPhotoDesc
01092017-065032-6760|Mon mari et La Loire|je t'aime Blois|01092017-065032-6760.wav|01092017-065032-6760.jpg|9|30082017-095508-1000|soundPhotoDesc
01092017-065033-5430|Les éléphants de Vienne|je t'aime Blois|01092017-065033-5430.wav|01092017-065033-5430.jpg|9|30082017-095508-1000|soundPhotoDesc
01092017-065033-9880|Les éléphants dans les rues|je t'aime Blois|01092017-065033-9880.wav|01092017-065033-9880.jpg|9|30082017-095508-1000|soundPhotoDesc
01092017-065034-3120|le bal le Moulin Rouge de Blois-Vienne|je t'aime Blois|01092017-065034-3120.wav|01092017-065034-3120.jpg|9|30082017-095508-1000|soundPhotoDesc
01092017-065035-2540|le bas des haut champs|je t'aime Blois|01092017-065035-2540.wav|01092017-065035-2540.jpg|9|30082017-095508-1000|soundPhotoDesc
01092017-065036-1980|La force des bombes a tué les poissons|je t'aime Blois|01092017-065036-1980.wav|01092017-065036-1980.jpg|9|30082017-095508-1000|soundPhotoDesc
01092017-065036-6500|l'explosion du pont et les souvenirs|je t'aime Blois|01092017-065036-6500.wav|01092017-065036-6500.jpg|9|30082017-095508-1000|soundPhotoDesc
01092017-065038-0510|l'ancien cinéma Le Wilson|je t'aime Blois|01092017-065038-0510.wav|01092017-065038-0510.jpg|9|30082017-095508-1000|soundPhotoDesc
01092017-065038-3480|je me suis mariée à Saint-Saturnin|je t'aime Blois|01092017-065038-3480.wav|01092017-065038-3480.jpg|9|30082017-095508-1000|soundPhotoDesc
01092017-065039-5660|j'ai rappelle le tram|je t'aime Blois|01092017-065039-5660.wav|01092017-065039-5660.jpg|9|30082017-095508-1000|soundPhotoDesc
01092017-065040-1300|Rue de la Foulerie - très folklorique|Les souvenirs de Blois|01092017-065040-1300.wav|01092017-065040-1300.jpg|9|30082017-095508-1000|soundPhotoDesc
01092017-065040-6260|La gabelle du sel|je t'aime Blois|01092017-065040-6260.wav|01092017-065040-6260.jpg|9|30082017-095508-1000|soundPhotoDesc
01092017-065040-9050|les ancien commerçants - rue Fontaines des Élus|je t'aime Blois|01092017-065040-9050.wav|01092017-065040-9050.jpg|9|30082017-095508-1000|soundPhotoDesc
01092017-065041-5430|le caviste de rue Haut|je t'aime Blois|01092017-065041-5430.wav|01092017-065041-5430.jpg|9|30082017-095508-1000|soundPhotoDesc
01092017-065042-0050|Il y avait un forgeron|Les souvenirs de Blois|01092017-065042-0050.wav|01092017-065042-0050.jpg|9|30082017-095508-1000|soundPhotoDesc
01092017-065042-4080|Nous avons visité l'Evêché|je t'aime Blois|01092017-065042-4080.wav|01092017-065042-4080.jpg|9|30082017-095508-1000|soundPhotoDesc
01092017-065044-1830|Rue de la Foulerie|je t'aime Blois|01092017-065044-1830.wav|01092017-065044-1830.jpg|9|30082017-095508-1000|soundPhotoDesc
01092017-065045-1740|Rue Jeanne d'Arc|je t'aime Blois|01092017-065045-1740.wav|01092017-065045-1740.jpg|9|30082017-095508-1000|soundPhotoDesc
01092017-065045-4230|Quand j'ai travaillé chez Monoprix|Les souvenirs de Blois|01092017-065045-4230.wav|01092017-065045-4230.jpg|9|30082017-095508-1000|soundPhotoDesc
01092017-065045-8250|un film tourné à rue du Puits Châtel|je t'aime Blois|01092017-065045-8250.wav|01092017-065045-8250.jpg|9|30082017-095508-1000|soundPhotoDesc
01092017-065046-9800|Un feu sur la porche de la Cathédrale|je t'aime Blois|01092017-065046-9800.wav|01092017-065046-9800.jpg|9|30082017-095508-1000|soundPhotoDesc
01092017-065047-2720|Voix au-dessus du bruit de motor sur la rivière|je t'aime Blois|01092017-065047-2720.wav|01092017-065047-2720.jpg|9|10092017-095508-1007|soundPhotoDesc
01092017-065050-9300|l'île des castors et des oiseaux|je t'aime Blois|01092017-065050-9300.wav|01092017-065050-9300.jpg|9|30082017-095507-3780|soundPhotoDesc
01092017-065052-4930|la musique de la nature|Hervé|01092017-065052-4930.wav|01092017-065052-4930.jpg|9|10092017-095508-1007|soundPhotoDesc
01092017-065053-4760|Nous sommes dans la ville et aussi en dehor|je t'aime Blois|01092017-065053-4760.wav|01092017-065053-4760.jpg|9|10092017-095508-1007|soundPhotoDesc
01092017-065059-5450|En quittant l'île des castors|je t'aime Blois|01092017-065059-5450.wav|01092017-065059-5450.jpg|9|30082017-095507-6040|soundPhotoDesc
01092017-065106-8150|cymbalîe indienne|je t'aime Blois|01092017-065106-8150.wav|01092017-065106-8150.jpg|11|30082017-095459-7000|soundPhotoDesc
01092017-065107-3070|Jack Lang et les cygnes |Les souvenirs de Blois|01092017-065107-3070.wav|01092017-065107-3070.jpg|11|10092017-095508-1003|soundPhotoDesc
01092017-065107-3970|chez moi et la Loire|je t'aime Blois|01092017-065107-3970.wav|01092017-065107-3970.jpg|11|10092017-095508-1003|soundPhotoDesc
01092017-065108-6740|Les Grouets|Les souvenirs de Blois|01092017-065108-6740.wav|01092017-065108-6740.jpg|11|30082017-095508-1000|soundPhotoDesc
01092017-065109-1480|l'expérience de Savoir Écouter dans la bateau|je t'aime Blois|01092017-065109-1480.jpg|01092017-065109-1480.jpg|11|10092017-095508-1007|soundPhotoDesc
01092017-065110-1350|Thais 3ans|je t'aime Blois|01092017-065110-1350.wav|01092017-065110-1350.jpg|12|10092017-095508-1003|soundPhotoDesc
01092017-065110-6130|dessin de Quentin|je t'aime Blois|01092017-065110-6130.wav|01092017-065110-6130.jpg|12|10092017-095508-1003|soundPhotoDesc
01092017-065111-0910|dessin de Matheo|je t'aime Blois|01092017-065111-0910.wav|01092017-065111-0910.jpg|12|10092017-095508-1003|soundPhotoDesc
01092017-065111-6920|le quartier des Maraîchers|je t'aime Blois|01092017-065111-6920.wav|01092017-065111-6920.jpg|12|30082017-095508-1000|soundPhotoDesc
01092017-065112-2830|Papin et Fils|je t'aime Blois|01092017-065112-2830.wav|01092017-065112-2830.jpg|12|10092017-095508-1010|soundPhotoDesc
01092017-065113-3210|M. Papin|je t'aime Blois|01092017-065113-3210.wav|01092017-065113-3210.jpg|12|10092017-095508-1010|soundPhotoDesc
11092017-141226-5730|à propos Observatoire Loire|Olivier de l'Observatoire Loire,|11092017-141226-5730.wav|11092017-141226-5730.jpg|5|10092017-095508-1007|soundPhotoDesc
11092017-141227-6890|bateau de Loire à fond plat|l'histoire de la Loire|11092017-141227-6890.wav|11092017-141227-6890.jpg|9|10092017-095508-1011|soundPhotoDesc
11092017-141228-5560|dans le bateau|L’Observatoire Loire|11092017-141228-5560.wav|11092017-141228-5560.jpg|9|10092017-095508-1012|soundPhotoDesc
11092017-141229-1680|Île du castor|L’Observatoire Loire|11092017-141229-1680.wav|11092017-141229-1680.jpg|9|30082017-095459-7000|soundPhotoDesc
11092017-141230-0000|l'inondation a amené les cygnes à la Loire|L’Observatoire Loire|11092017-141230-0000.wav|11092017-141230-0000.jpg|11|30082017-095459-7000|soundPhotoDesc
11092017-141230-0060|La Loire - l'autoroute de l'époque|l'histoire de la Loire|11092017-141230-0060.wav|11092017-141230-0060.jpg|9|10092017-095508-1019|soundPhotoDesc
11092017-141231-8070|Le déclin du trafic ligérien|l'histoire de la Loire|11092017-141231-8070.wav|11092017-141231-8070.jpg|8|10092017-095508-1015|soundPhotoDesc
11092017-141233-1620|Le travail du castor|L’Observatoire Loire|11092017-141233-1620.wav|11092017-141233-1620.jpg|5|10092017-095508-1017|soundPhotoDesc
11092017-141234-2090|Le frêne|Une éducatrice à l'environnement et le conteur, Michel Maraone, invitent à la découverte des plantes de Blois avec l'œil scientifique et l'angle imaginaire.|11092017-141234-2090.wav|11092017-141234-2090.jpg|5|10092017-095508-1013|soundPhotoDesc
11092017-141241-3810|Le travail du castor|La Loire|11092017-141241-3810.wav|11092017-141241-3810.jpg|5|10092017-095508-1015|soundPhotoDesc
11092017-141242-4100|Les meuneries flottants|La Loire|11092017-141242-4100.wav|11092017-141242-4100.jpg|8|10092017-095508-1018|soundPhotoDesc
11092017-141242-9480|Les oiseaux et le trafic sur le pont| |11092017-141242-9480.wav|11092017-141242-9480.jpg|5|10092017-095508-1016|soundPhotoDesc
11092017-141243-4620|Les pêcheurs de la Loire|l'histoire de la Loire|11092017-141243-4620.wav|11092017-141243-4620.jpg|9|10092017-095508-1007|soundPhotoDesc
11092017-141244-2300|marcher sur l'île du castor|L’Observatoire Loire|11092017-141244-2300.wav|11092017-141244-2300.jpg|9|10092017-095508-1014|soundPhotoDesc
12092017-075904-6510|La liberté d'expression dans une librairie|Librairie Labbé|12092017-075904-6510.wav|12092017-075904-6510.jpg|8|10092017-095508-1020|photo de wikimedia.org
12092017-075906-8950|les lecteurs sont les clients extraordinaires|Librairie Labbé|12092017-075906-8950.wav|12092017-075906-8950.jpg|8|10092017-095508-1020|photo de maxpixel.freegreatpicture.com
12092017-075907-6700|J'ai envie que mes clients soient indépendant|Librairie Labbé|12092017-075907-6700.wav|12092017-075907-6700.jpg|8|10092017-095508-1020|photo du projet
12092017-075909-0380|dans le mot librairie est le mot libre|Librairie Labbé|12092017-075909-0380.wav|12092017-075909-0380.jpg|8|10092017-095508-1020|photo du projet
12092017-075910-0780|l’histoire du phoque|La Loire|12092017-075910-0780.wav|12092017-075910-0780.jpg|5|10092017-095508-1007|photo de Fertig Reisen http://www.fertig-reisen.de/
12092017-075911-1200|rencontre l'histoire avec les objets personnelles|Le musée de la Résistance, de la Déportation et de la Libération|12092017-075911-1200.wav|12092017-075911-1200.jpg|8|10092017-095508-1021|photo de wikimedia.org
12092017-075912-3780|Pour moi, la Loire c'est...|La Loire|12092017-075912-3780.wav|12092017-075912-3780.jpg|15|10092017-095508-1007|photo des Archives départementales de Loir-et-Cher
12092017-075913-8960|Néottie nid d'oiseau|les orchidées sauvages de Blois|12092017-075913-8960.wav|12092017-075913-8960.jpg|10|10092017-095508-1007|photo de wikimedia.org
12092017-075914-9400|neige de saule sur une île féerique|La Loire|12092017-075914-9400.wav|12092017-075914-9400.jpg|5|10092017-095508-1007|photo du projet
12092017-075916-1650|Les Tirailleurs Africains de Blois|le seconde guerre mondiale à Blois|12092017-075916-1650.wav|12092017-075916-1650.jpg|8|10092017-095508-1021|photo de wikimedia.org
12092017-075920-1930|les femmes tondues|le seconde guerre mondiale à Blois|12092017-075920-1930.wav|12092017-075920-1930.jpg|8|10092017-095508-1021|photo de wikimedia.org
12092017-075921-3530|la prise de conscience environnementale|La Loire|12092017-075921-3530.wav|12092017-075921-3530.jpg|5|10092017-095508-1007|photo du projet
12092017-075922-6760|La guerre est présente à travers l'urbanisme|le seconde guerre mondiale à Blois|12092017-075922-6760.wav|12092017-075922-6760.jpg|8|10092017-095508-1021|photo des Archives de Ville
12092017-075923-0890|L'influence de Vinci, c'est vrai?|Les souvenirs de Blois|12092017-075923-0890.wav|12092017-075923-0890.jpg|8|10092017-095508-1021|photo de wikimedia.org
12092017-075924-2460|C'était le meilleur de temps, c'était le pire de temps|le seconde guerre mondiale à Blois|12092017-075924-2460.wav|12092017-075924-2460.jpg|8|10092017-095508-1021|photo des Archives de Ville
12092017-124917-5540|Vienne, je me rappelle bien|Les souvenirs de Vienne|12092017-124917-5540.wav|12092017-124917-5540.jpg|12|10092017-095508-1022|photo des Archives départementales de Loir-et-Cher
12092017-124918-3220|Une histoire surréaliste- les lions de Blois|le Cirque Amar |12092017-124918-3220.wav|12092017-124918-3220.jpg|8|10092017-095508-1022|
12092017-124922-0470|Un travail collectif|visite à la maison BD|12092017-124922-0470.wav|12092017-124922-0470.jpg|8|10092017-095508-1002|photo du projet
12092017-124925-6180|Toute la ville vivait au rythme de l'usine|Les souvenirs de Blois|12092017-124925-6180.wav|12092017-124925-6180.jpg|8|10092017-095508-1022|photo des Archives de BLois
12092017-124925-6240|souvenir d'enfance rose|Les souvenirs de Blois|12092017-124925-6240.wav|12092017-124925-6240.jpg|5|10092017-095508-1023|photo du projet
12092017-124926-9990|S.A.M.S.A.H. et Délégation APF Loir et Cher|je t'aime Blois|12092017-124926-9990.wav|12092017-124926-9990.jpg|4|10092017-095508-1002|photo du projet
12092017-124927-1830|Procession de la Fête-Dieu|Les souvenirs de Blois|12092017-124927-1830.wav|12092017-124927-1830.jpg|8|10092017-095508-1022|photo de wikimedia.org
12092017-124928-2440|On voyait des choses que l'on ne voyait pas en ville|Les souvenirs de Vienne|12092017-124928-2440.wav|12092017-124928-2440.jpg|8|10092017-095508-1022|photo des Archives départementales de Loir-et-Cher
12092017-124929-2670|On a modernisé au 16ème siècle parce que l'on avait l'argent|L’histoire de Blois|12092017-124929-2670.wav|12092017-124929-2670.jpg|8|10092017-095508-1022|photo de wikimedia.org
12092017-124929-7980|Monte-Escaliers à rejoindre la partie haute et basse de la ville|l’accessibilité de ville|12092017-124929-7980.wav|12092017-124929-7980.jpg|8|10092017-095508-1002|photo du projet
12092017-124930-3490|Mon quartier d'enfance était la campagne au milieu de la ville|Les souvenirs de Blois|12092017-124930-3490.wav|12092017-124930-3490.jpg|8|10092017-095508-1022|photo de wikimedia.org
12092017-124931-2670|Marais Helleborine|les orchidées sauvages de Blois|12092017-124931-2670.wav|12092017-124931-2670.jpg|5|10092017-095508-1007|photo des Pixabay.com
12092017-124931-6730|Maintenant, je peux chercher des choses dans le frigo|l’accessibilité de ville|12092017-124931-6730.wav|12092017-124931-6730.jpg|4|10092017-095508-1002|photo du projet
12092017-124933-2800|M. Rousset et la fabrication rationnelle des chaussures|L’histoire de Blois|12092017-124933-2800.wav|12092017-124933-2800.jpg|8|10092017-095508-1022|photo des Archives départementales de Loir-et-Cher
12092017-124934-9910|Les trains à vapeur|Les souvenirs de Blois|12092017-124934-9910.wav|12092017-124934-9910.jpg|8|10092017-095508-1022|photo des Archives départementales de Loir-et-Cher
12092017-124935-9660|Les pavés ne sont pas pratiques pour une chaise roulante|l’accessibilité de ville|12092017-124935-9660.wav|12092017-124935-9660.jpg|9|10092017-095508-1002|photo du projet
12092017-124937-0100|Les odeurs des quatre saisons|visite à la maison BD|12092017-124937-0100.wav|12092017-124937-0100.jpg|8|10092017-095508-1002|photo de wikimedia.org
12092017-124938-7860|Les fêtes de la Belle Epoque|L’histoire de Blois|12092017-124938-7860.wav|12092017-124938-7860.jpg|8|10092017-095508-1022|photo des Archives départementales de Loir-et-Cher
12092017-124939-2960|Les bonnes choses sont arrivées|à propos du projet|12092017-124939-2960.wav|12092017-124939-2960.jpg|4|10092017-095508-1002|photo du projet
12092017-124939-8330|Le quatorze de juillet n'a pas changé|Les souvenirs de Blois|12092017-124939-8330.wav|12092017-124939-8330.jpg|9|10092017-095508-1022|photo de wikimedia.org
12092017-124940-5300|le prime de Poulain et le marketing des enfants|L’histoire de Poulain|12092017-124940-5300.wav|12092017-124940-5300.jpg|8|10092017-095508-1022|photo de pixabay.com
12092017-124941-2140|le noyau antique de blois|L’histoire de Blois|12092017-124941-2140.wav|12092017-124941-2140.jpg|8|10092017-095508-1022|photo du des Archives de Blois
12092017-124941-8970|le fete foraine sur le mail|Les souvenirs de Blois|12092017-124941-8970.wav|12092017-124941-8970.jpg|9|10092017-095508-1022|photo de wikimedia.org
12092017-124942-5850|le but de l'APF|à propos l’APF|12092017-124942-5850.wav|12092017-124942-5850.jpg|4|10092017-095508-1002|photo du projet
12092017-124943-2500|La révolution et la création du département Loir-et-Cher|L’histoire de Blois|12092017-124943-2500.wav|12092017-124943-2500.jpg|5|10092017-095508-1022|photo de wikimedia.org
12092017-124917-5540|Vienne, je me rappelle bien|Les souvenirs de Vienne|12092017-124917-5540.wav|12092017-124917-5540.jpg|12|10092017-095508-1022|photo des Archives départementales de Loir-et-Cher
12092017-124918-3220|Une histoire surréaliste- les lions de Blois|le Cirque Amar |12092017-124918-3220.wav|12092017-124918-3220.jpg|8|10092017-095508-1022|
12092017-124922-0470|Un travail collectif|visite à la maison BD|12092017-124922-0470.wav|12092017-124922-0470.jpg|8|10092017-095508-1002|photo du projet
12092017-124925-6180|Toute la ville vivait au rythme de l'usine|Les souvenirs de Blois|12092017-124925-6180.wav|12092017-124925-6180.jpg|8|10092017-095508-1022|photo des Archives de BLois
12092017-124925-6240|souvenir d'enfance rose|Les souvenirs de Blois|12092017-124925-6240.wav|12092017-124925-6240.jpg|5|10092017-095508-1023|photo du projet
12092017-124926-9990|S.A.M.S.A.H. et Délégation APF Loir et Cher|je t'aime Blois|12092017-124926-9990.wav|12092017-124926-9990.jpg|4|10092017-095508-1002|photo du projet
12092017-124927-1830|Procession de la Fête-Dieu|Les souvenirs de Blois|12092017-124927-1830.wav|12092017-124927-1830.jpg|8|10092017-095508-1022|photo de wikimedia.org
12092017-124928-2440|On voyait des choses que l'on ne voyait pas en ville|Les souvenirs de Vienne|12092017-124928-2440.wav|12092017-124928-2440.jpg|8|10092017-095508-1022|photo des Archives départementales de Loir-et-Cher
12092017-124929-2670|On a modernisé au 16ème siècle parce que l'on avait l'argent|L’histoire de Blois|12092017-124929-2670.wav|12092017-124929-2670.jpg|8|10092017-095508-1022|photo de wikimedia.org
12092017-124929-7980|Monte-Escaliers à rejoindre la partie haute et basse de la ville|l’accessibilité de ville|12092017-124929-7980.wav|12092017-124929-7980.jpg|8|10092017-095508-1002|photo du projet
12092017-124930-3490|Mon quartier d'enfance était la campagne au milieu de la ville|Les souvenirs de Blois|12092017-124930-3490.wav|12092017-124930-3490.jpg|8|10092017-095508-1022|photo de wikimedia.org
12092017-124931-2670|Marais Helleborine|les orchidées sauvages de Blois|12092017-124931-2670.wav|12092017-124931-2670.jpg|5|10092017-095508-1007|photo des Pixabay.com
12092017-124931-6730|Maintenant, je peux chercher des choses dans le frigo|l’accessibilité de ville|12092017-124931-6730.wav|12092017-124931-6730.jpg|4|10092017-095508-1002|photo du projet
12092017-124933-2800|M. Rousset et la fabrication rationnelle des chaussures|L’histoire de Blois|12092017-124933-2800.wav|12092017-124933-2800.jpg|8|10092017-095508-1022|photo des Archives départementales de Loir-et-Cher
12092017-124934-9910|Les trains à vapeur|Les souvenirs de Blois|12092017-124934-9910.wav|12092017-124934-9910.jpg|8|10092017-095508-1022|photo des Archives départementales de Loir-et-Cher
12092017-124935-9660|Les pavés ne sont pas pratiques pour une chaise roulante|l’accessibilité de ville|12092017-124935-9660.wav|12092017-124935-9660.jpg|9|10092017-095508-1002|photo du projet
12092017-124937-0100|Les odeurs des quatre saisons|visite à la maison BD|12092017-124937-0100.wav|12092017-124937-0100.jpg|8|10092017-095508-1002|photo de wikimedia.org
12092017-124938-7860|Les fêtes de la Belle Epoque|L’histoire de Blois|12092017-124938-7860.wav|12092017-124938-7860.jpg|8|10092017-095508-1022|photo des Archives départementales de Loir-et-Cher
12092017-124939-2960|Les bonnes choses sont arrivées|à propos du projet|12092017-124939-2960.wav|12092017-124939-2960.jpg|4|10092017-095508-1002|photo du projet
12092017-124939-8330|Le quatorze de juillet n'a pas changé|Les souvenirs de Blois|12092017-124939-8330.wav|12092017-124939-8330.jpg|9|10092017-095508-1022|photo de wikimedia.org
12092017-124940-5300|le prime de Poulain et le marketing des enfants|L’histoire de Poulain|12092017-124940-5300.wav|12092017-124940-5300.jpg|8|10092017-095508-1022|photo de pixabay.com
12092017-124941-2140|le noyau antique de blois|L’histoire de Blois|12092017-124941-2140.wav|12092017-124941-2140.jpg|8|10092017-095508-1022|photo du des Archives de Blois
12092017-124941-8970|le fete foraine sur le mail|Les souvenirs de Blois|12092017-124941-8970.wav|12092017-124941-8970.jpg|9|10092017-095508-1022|photo de wikimedia.org
12092017-124942-5850|le but de l'APF|à propos l’APF|12092017-124942-5850.wav|12092017-124942-5850.jpg|4|10092017-095508-1002|photo du projet
12092017-124943-2500|La révolution et la création du département Loir-et-Cher|L’histoire de Blois|12092017-124943-2500.wav|12092017-124943-2500.jpg|5|10092017-095508-1022|photo de wikimedia.org
12092017-145113-1510|La messe de Minuit à St. Nicolas|Les souvenirs de Blois|12092017-145113-1510.wav|12092017-145113-1510.jpg|8|10092017-095508-1022|photo de wikimedia.org
12092017-145113-6210|La guerre 1870-71 à la fois une victoire inutile et une défaite inutile|L’histoire de Blois|12092017-145113-6210.wav|12092017-145113-6210.jpg|13|10092017-095508-1022|photo de wikimedia.org
12092017-145114-3530|la foire-exposition de Blois|Les souvenirs de Blois|12092017-145114-3530.wav|12092017-145114-3530.jpg|5|10092017-095508-1022|photo des Archives départementales de Loir-et-Cher
12092017-145115-2900|La Belle Époque - les fêtes sont préparés ensemble|L’histoire de Blois|12092017-145115-2900.wav|12092017-145115-2900.jpg|9|10092017-095508-1022|photo des Archives départementales de Loir-et-Cher
12092017-145115-9900|La Belle Époque - les concours fous|L’histoire de Blois|12092017-145115-9900.wav|12092017-145115-9900.jpg|9|10092017-095508-1022|photo des Archives départementales de Loir-et-Cher
12092017-145116-5630|la Belle Époque - la distraction collective|L’histoire de Blois|12092017-145116-5630.wav|12092017-145116-5630.jpg|8|10092017-095508-1022|photo des Archives départementales de Loir-et-Cher
12092017-145117-0200|L’art naïf ou les enfants?|visite à la maison BD|12092017-145117-0200.wav|12092017-145117-0200.jpg|8|10092017-095508-1002|photo du projet
12092017-145117-6970|L'urbanisme et la logique du « tout voiture »|L’histoire de Blois|12092017-145117-6970.wav|12092017-145117-6970.jpg|8|10092017-095508-1022|photo des Archives de Blois
12092017-145119-0840|L'évolution de l'accessibilité à Blois|l’accessibilité de ville|12092017-145119-0840.wav|12092017-145119-0840.jpg|4|10092017-095508-1002|photo de wikimedia.org
12092017-145120-3330|L'activité principale du 18ème siècle, c'était le vin|L’histoire de Blois|12092017-145120-3330.wav|12092017-145120-3330.jpg|2|10092017-095508-1022|photo de wikimedia.org
12092017-145121-6900|Je peux me tourner|l’accessibilité de ville|12092017-145121-6900.wav|12092017-145121-6900.jpg|4|10092017-095508-1002|photo du projet
12092017-145122-1620|j'aime mon ville|à propos Blois|12092017-145122-1620.wav|12092017-145122-1620.jpg|4|10092017-095508-1002|photo du projet
12092017-145122-9230|J'aime bien le coucher de soleil|à propos Blois|12092017-145122-9230.wav|12092017-145122-9230.jpg|9|10092017-095508-1002|photo du projet
12092017-145123-3560|j'aime bien l'histoire|à propos Blois|12092017-145123-3560.wav|12092017-145123-3560.jpg|9|10092017-095508-1002|photo de wikimedia.org
12092017-145124-1590|J'aimais bien Blek|visite à la maison BD|12092017-145124-1590.wav|12092017-145124-1590.jpg|8|10092017-095508-1002|photo de wikimedia.org
12092017-145125-1200|Handigo - pour les personnes à mobilité réduite|l’accessibilité de ville|12092017-145125-1200.wav|12092017-145125-1200.jpg|4|10092017-095508-1002|
12092017-145126-0420|Eugène Riffault, "l'Haussmann blésois"|L’histoire de Blois|12092017-145126-0420.wav|12092017-145126-0420.jpg|5|10092017-095508-1022|photo des Archives départementales de Loir-et-Cher
12092017-145126-8420|Entre la mémoire et l’histoire| |12092017-145126-8420.wav|12092017-145126-8420.jpg|8|10092017-095508-1021|photo de wikimedia.org
12092017-145128-2970|Danse en fauteuil roulant|l’accessibilité de ville|12092017-145128-2970.wav|12092017-145128-2970.jpg|4|10092017-095508-1002|photo de wikimedia.org
12092017-145128-8760|Comment il fallait prendre le train?|Les souvenirs de Blois|12092017-145128-8760.wav|12092017-145128-8760.jpg|8|10092017-095508-1022|photo des Archives départementales de Loir-et-Cher
12092017-145129-6580|citoyen avant tout| |12092017-145129-6580.wav|12092017-145129-6580.jpg|4|10092017-095508-1002|photo du projet
12092017-145130-4570|Chocolat Poulain « goûter et comparer »|L’histoire de Poulain|12092017-145130-4570.wav|12092017-145130-4570.jpg|8|10092017-095508-1022|photo de wikimedia.org
12092017-145130-9850|Chez Laurent - un bar accessible|l’accessibilité de ville|12092017-145130-9850.wav|12092017-145130-9850.jpg|8|10092017-095508-1002|photo du projet
12092017-145131-7200|Chacun leur goût et leur couleur| |12092017-145131-7200.wav|12092017-145131-7200.jpg|4|10092017-095508-1002|photo du projet
12092017-145132-4700|C'est la place Louis XII|l’accessibilité de ville|12092017-145132-4700.wav|12092017-145132-4700.jpg|8|10092017-095508-1002|photo du projet
12092017-145133-4120|Blois est une ville de parvenue|L’histoire de Blois|12092017-145133-4120.wav|12092017-145133-4120.jpg|8|10092017-095508-1022|photo de wikimedia.org
12092017-145134-6310|Au temps des gaulois|L’histoire de Blois|12092017-145134-6310.wav|12092017-145134-6310.jpg|8|10092017-095508-1022|photo de wikimedia.org
12092017-145135-9460|A la recherche d'une terrasse avec une toilette adaptée|l’accessibilité de ville|12092017-145135-9460.wav|12092017-145135-9460.jpg|8|10092017-095508-1002|photo du projet
12092017-145138-6200|1909 inauguration du monument aux combattants du Loir-et-Cher|L’histoire de Blois|12092017-145138-6200.wav|12092017-145138-6200.jpg|8|10092017-095508-1022|photo des Archives départementales de Loir-et-Cher
15092017-083657-5640|à écouter le silence|La Loire|15092017-083657-5640.wav|15092017-083657-5640.jpg|12|10092017-095508-1007|photo du projet
15092017-083659-5130|Ave Verdun - notre jardin à côté des bonnes sœurs|Les souvenirs de Blois|15092017-083659-5130.wav|15092017-083659-5130.jpg|5|30082017-095508-1000|photo de wikimedia.org
15092017-083700-3540|boucle vélo|Blois|15092017-083700-3540.wav|15092017-083700-3540.jpg|9|10092017-095508-1007|photo du projet
15092017-083700-3600|un lieu de vie et d'échange|Caffé LaBo|15092017-083700-3600.wav|15092017-083700-3600.jpg|9|10092017-095508-1024|photo du projet
15092017-083701-1630|Caffé LaBo n'est pas un café classique|Caffé LaBo|15092017-083701-1630.wav|15092017-083701-1630.jpg|9|10092017-095508-1024|photo du projet
15092017-083701-6530|cuisine de Lycée Philibert Dessaignes|Les souvenirs de Blois|15092017-083701-6530.wav|15092017-083701-6530.jpg|5|30082017-095508-1000|photo des Archives de Blois
15092017-083701-6590|faire partie des murs|Caffé LaBo|15092017-083701-6590.wav|15092017-083701-6590.jpg|9|10092017-095508-1024|photo du projet
15092017-083702-3160|Je me sens bien à la Roselière||15092017-083702-3160.wav|15092017-083702-3160.jpg|5|30082017-095508-1000|photo du projet
15092017-083703-7330|Je me souviens du pont en bois après la guerre|Les souvenirs de Blois|15092017-083703-7330.wav|15092017-083703-7330.jpg|8|30082017-095508-1000|photo des Archives de Blois
15092017-083704-5380|l'évolution de Les Grouets|Les souvenirs de Blois|15092017-083704-5380.wav|15092017-083704-5380.jpg|11|30082017-095508-1000|photo des Archives de Blois
15092017-083705-1760|l'intuition devance les pensées et la conscience la transforme en intentionnalité|Caffé LaBo|15092017-083705-1760.wav|15092017-083705-1760.jpg|9|10092017-095508-1024|photo du projet
15092017-083706-6740|la maison où je suis né|Les souvenirs de Blois|15092017-083706-6740.wav|15092017-083706-6740.jpg|4|30082017-095508-1000|photo du projet
15092017-083707-2070|le centre ville de Blois après-guerre|Les souvenirs de Blois|15092017-083707-2070.wav|15092017-083707-2070.jpg|8|30082017-095508-1000|photo des Archives de Blois
15092017-083708-6260|Le dur travail à la ferme|l’agriculture maraichère|15092017-083708-6260.wav|15092017-083708-6260.jpg|15|30082017-095508-1000|photo de wikimedia.org
15092017-083709-1910|Le jus de bissap|Caffé LaBo|15092017-083709-1910.wav|15092017-083709-1910.jpg|8|10092017-095508-1024|photo du projet et wikimedia.org
15092017-083710-5980|Les clés symboliques de la mémoire|la guerre|15092017-083710-5980.wav|15092017-083710-5980.jpg|8|10092017-095508-1021|photo du projet
15092017-083711-9210|les femmes du marché|l’agriculture maraichère|15092017-083711-9210.wav|15092017-083711-9210.jpg|8|30082017-095508-1000|photo des Archives départementales de Loir-et-Cher
15092017-083712-4500|les frites de Lycée Philibert Dessaignes|Les souvenirs de Blois|15092017-083712-4500.wav|15092017-083712-4500.jpg|5|30082017-095508-1000|photo de www.pixnio.com
15092017-083714-4860|Les Grouets dans les années 40|Les souvenirs de Blois|15092017-083714-4860.wav|15092017-083714-4860.jpg|15|30082017-095508-1000|photo des Archives de Blois
15092017-083715-4600|Les Tirailleurs Africains de Blois|l’histoire de Blois|15092017-083715-4600.wav|15092017-083715-4600.jpg|8|10092017-095508-1021|photo du projet
15092017-083719-5460|les vignes de Les Grouets|Les souvenirs de Blois|15092017-083719-5460.wav|15092017-083719-5460.jpg|11|30082017-095508-1000|photo de Blois
15092017-083719-9550|ma vie comme une maraîchère|l’agriculture maraichère|15092017-083719-9550.wav|15092017-083719-9550.jpg|15|30082017-095508-1000|photo des Archives de Blois
15092017-083721-5240|notre lait quotidien directement de la ferme|Les souvenirs de Blois|15092017-083721-5240.wav|15092017-083721-5240.jpg|4|30082017-095508-1000|photo du projet et wikimedia.org
15092017-083722-2780|Observatoire Loire - le grand adventure|l’environment|15092017-083722-2780.wav|15092017-083722-2780.jpg|5|10092017-095508-1007|photo du projet
15092017-083724-0100|place Coty|Les souvenirs de Blois|15092017-083724-0100.wav|15092017-083724-0100.jpg|4|30082017-095508-1000|photo du projet
15092017-083726-1980|Quand la rue des Gallières était un quartier de fermes|Les souvenirs de Blois|15092017-083726-1980.wav|15092017-083726-1980.jpg|4||EHPAD La Roselière
15092017-083728-4840|Quand le quartier piscine tournesol était une forêt|Les souvenirs de Blois|15092017-083728-4840.wav|15092017-083728-4840.jpg|3|30082017-095508-1000|photo des Archives de Blois